n_estimators,learning_rate,max_depth,min_samples_split,min_samples_leaf,subsample,max_features,train_R2,train_RMSE,train_MAE,train_MAPE,train_MedAE,train_Max_Error,train_Explained_Var,test_R2,test_RMSE,test_MAE,test_MAPE,test_MedAE,test_Max_Error,test_Explained_Var
100,0.001,3,10,5,0.8,0.8,0.0937482746530004,3.6821614750876352,2.8200579389287728,124.97662717557272,2.3752454083500822,41.95799048658579,0.09374827469107327,0.09268685740182592,3.6833342169308896,2.8306290166144192,124.51171947151288,2.3752454083500822,39.95799048658579,0.09271995563434299
100,0.001,3,10,5,0.8,1.0,0.026068617021571594,3.8171795352495352,2.9347360762735217,130.1510213033304,2.554004806689576,42.543890931261814,0.026068617167751107,0.02608684744646017,3.81612544093957,2.9437633224903306,129.5721007588974,2.554472157094387,40.52567093234449,0.026122647158964396
100,0.001,3,10,5,1.0,0.8,0.09473990908800001,3.6801463851288903,2.8201074967239608,124.98888315018111,2.390047518683355,41.91519946858902,0.09473990908800001,0.09367526899152834,3.681327389236062,2.8306680531449353,124.52303613206799,2.390047518683355,39.91519946858902,0.09370808753026283
100,0.001,3,10,5,1.0,1.0,0.023521439028068247,3.8221679188653064,2.9394173916816113,130.29774752664127,2.56333344224206,42.55157783708421,0.023521439028068247,0.023567127808679755,3.82105881453881,2.948423726989725,129.71985341295365,2.563334601575866,40.540197902344,0.023602904793762147
100,0.001,5,10,5,0.8,0.8,0.10737792500459076,3.654367485411387,2.8046774973798616,124.31723325998342,2.442600098007018,41.60238535895555,0.10737792500520771,0.10571470143091488,3.656794644651246,2.815534301425137,123.86059656651402,2.442600098007018,39.60238535895555,0.10574760991890286
100,0.001,5,10,5,0.8,1.0,0.03666090283612067,3.7963653415289875,2.9163904238843736,129.26636131067664,2.515779632653423,42.50601452829906,0.03666090293873392,0.036623828709916095,3.7954255479656847,2.9255261947783513,128.70121167035023,2.5174990170035922,40.45022527312526,0.036658922671279015
100,0.001,5,10,5,1.0,0.8,0.10731643300041327,3.654493356436207,2.8046957904614196,124.3129942772837,2.4435863773572573,41.60252539418475,0.10731643300041327,0.10566441695786677,3.6568974515559813,2.815474901796304,123.8507681651253,2.4435863773572573,39.60252539418475,0.10569751713862119
100,0.001,5,10,5,1.0,1.0,0.037209686718076784,3.795283852721116,2.915688739353715,129.2389243266318,2.5119363854154626,42.490646969169184,0.037209686718076784,0.037229052937759355,3.794233155806696,2.9247279183735033,128.6727691863596,2.512698874770042,40.44835637426815,0.03726428701654394
100,0.001,7,10,5,0.8,0.8,0.1135040754560327,3.641805758893405,2.795669152281199,123.97279785462713,2.454927366213374,41.45835713977744,0.11350407546970975,0.11188386426804842,3.644159749237464,2.806462201949156,123.50434848572797,2.463930037756032,39.45835713977744,0.11191783225468976
100,0.001,7,10,5,0.8,1.0,0.05399049977800341,3.7620637927618428,2.8873806149876264,127.97826331498466,2.4829312666964483,42.3768825337832,0.053990499789616786,0.053729330537501396,3.761579249881257,2.896852750678857,127.44047543788778,2.484355715190356,40.34343252748813,0.05376336281161642
100,0.001,7,10,5,1.0,0.8,0.11335637776022867,3.6421091240313768,2.796022485141008,123.98659710479139,2.456343715894814,41.440491877118355,0.11335637776022867,0.11176372919995647,3.6444062128237227,2.8068009434916585,123.5203092709386,2.4663662893091374,39.440491877118355,0.11179752721655212
100,0.001,7,10,5,1.0,1.0,0.049715503016794726,3.7705545542153045,2.8942468709513576,128.20450993569844,2.4906825145893254,42.41953487352098,0.049715503016794615,0.049514424074161734,3.7699474099079877,2.9037052370293095,127.6673484685376,2.4934935988764964,40.35709911623996,0.049548352334508716
100,0.001,9,10,5,0.8,0.8,0.1179367147309427,3.632689506556562,2.7893536629816786,123.72585693701492,2.4343110629981326,41.429302213084334,0.11793671485323587,0.11579110780097635,3.6361347206450145,2.800791815258691,123.2894432188777,2.4411752322963505,39.427959246329685,0.1158255018404396
100,0.001,9,10,5,0.8,1.0,0.06406365349144938,3.74198087248976,2.8712260591421708,127.24555287518295,2.4748736462901135,42.30345611318871,0.06406365349622722,0.0633685504295719,3.7423714789821476,2.8812364550328544,126.73686003233338,2.477306883754906,40.228061186823986,0.06340209309482225
100,0.001,9,10,5,1.0,0.8,0.11794010305068048,3.632682529321718,2.7893720509730016,123.72364257362061,2.431859395835942,41.42261647223353,0.11794010305068048,0.11581847523709432,3.636078448617229,2.8008032580284117,123.28815277142628,2.435848128320046,39.41447076588483,0.11585300944372734
100,0.001,9,10,5,1.0,1.0,0.062372839013342674,3.7453593824341818,2.873969529805727,127.31634375121712,2.477621211478198,42.29162759587796,0.062372839013342674,0.061620111845629766,3.7458628500499493,2.8840512769216184,126.81337237949563,2.4804540425982964,40.26725360950806,0.061654005971548465
100,0.01,3,10,5,0.8,0.8,0.48045485606073857,2.787982552782585,2.0547486088676052,86.49623149546287,1.6549844498109554,37.10166043839537,0.4804548573353272,0.4726276432346107,2.8081558524719163,2.0758602661430428,86.89193288841108,1.6644462841577012,35.10166043839537,0.4726334956749322
100,0.01,3,10,5,0.8,1.0,0.200316452081589,3.458895866004316,2.6008286410224217,113.87986367877747,2.319640944305512,41.62053367324779,0.20031645289275435,0.20038036867014197,3.457834877783315,2.6116175471872927,113.57858777392072,2.31628851354706,39.484037704121505,0.20039792721315886
100,0.01,3,10,5,1.0,0.8,0.48017477323487257,2.788733941597958,2.0566706289187877,86.56937010003931,1.6452154178257699,37.0184377037297,0.48017477323487257,0.4724106087559462,2.808733626355639,2.07762448007817,86.96030749681766,1.6635139882196661,35.0184377037297,0.47241634934779964
100,0.01,3,10,5,1.0,1.0,0.1807400863694567,3.500977013652875,2.6391621452485015,115.13856356612561,2.34181468162081,41.70533783483894,0.1807400863694566,0.1811775710039385,3.4991083588314775,2.6496251777902344,114.84703440297712,2.340247577847844,39.57461010521175,0.1811937213433853
100,0.01,5,10,5,0.8,0.8,0.524875073740302,2.6661360932103015,1.9697969393671588,82.32001795277635,1.563268174493691,35.65056409338406,0.5248750739691662,0.5162276423209742,2.689571235236509,1.9887987061265398,82.63468906073263,1.5657435079214093,33.66063054916813,0.5162378328098869
100,0.01,5,10,5,0.8,1.0,0.273946396971123,3.2958144167089136,2.458341690417423,106.77902977697387,2.109736974844194,41.19674654537063,0.273946397989556,0.27297281383683336,3.297143522457699,2.4718956452107195,106.70471749182136,2.109396602850235,38.600827440190784,0.2729850258686426
100,0.01,5,10,5,1.0,0.8,0.5235222505625396,2.669929039794865,1.9722981018574448,82.42876254670644,1.5705666132873701,35.736704764563264,0.5235222505625398,0.5149227652741336,2.6931960768808505,1.9912871170937791,82.74346679256384,1.570797623570651,33.736704764563264,0.5149324894036991
100,0.01,5,10,5,1.0,1.0,0.2682276473902723,3.3087686729885615,2.471144242569008,107.32322999776844,2.1329957221461076,41.01023791404951,0.26822764739027216,0.2677756233850259,3.308907434420691,2.4833414278895676,107.17615574553399,2.1322685841101143,38.738124886765846,0.26778968339800124
100,0.01,7,10,5,0.8,0.8,0.5520079363346962,2.588889814398363,1.9177399422628285,80.2240386531397,1.504096385489334,35.66467497168223,0.5520079363767101,0.542701630250207,2.6149437618719165,1.9383581586569196,80.57510732662627,1.5085189826025447,32.7380653533459,0.5427136202819737
100,0.01,7,10,5,0.8,1.0,0.35097239355118226,3.11608999280486,2.3177728167156317,99.9697149014096,1.9639473405808736,40.17754113119315,0.3509723943251095,0.3480770460556727,3.1221995940736007,2.334100539853962,99.98225649993859,1.967664740810659,37.805387075212266,0.34808955016209564
100,0.01,7,10,5,1.0,0.8,0.5521155904287862,2.588578735971184,1.917540581536858,80.21862854649021,1.5038595899050469,35.56514534765841,0.5521155904287861,0.5429256184634279,2.614303273779982,1.9381907837408263,80.57383181257131,1.5081205804476294,32.768457103803094,0.5429367801529599
100,0.01,7,10,5,1.0,1.0,0.32910886295130537,3.168140504341021,2.356954853152783,101.7912120583537,1.9747961783807721,40.53708516235912,0.32910886295130537,0.3269823785462971,3.1723109062904027,2.3724997390431537,101.77391210669502,1.9802260503773612,37.86265707086104,0.32699373441361446
100,0.01,9,10,5,0.8,0.8,0.5758660821578314,2.5190100997259504,1.8693846283922697,78.3993188153323,1.4725237827095474,34.41810279903173,0.5758660831884492,0.5628379882313025,2.556723330938762,1.8974323874567476,79.06997260877058,1.4877243060718663,32.38715241078883,0.5628518341133857
100,0.01,9,10,5,0.8,1.0,0.4053908955648482,2.98259430301633,2.2096909311170676,94.86452146350491,1.8183424554433554,39.48407411925942,0.4053908955827077,0.3983584341395051,2.999379667157536,2.2328487581433794,95.20922422127373,1.8300936578869573,37.289625960375126,0.3983702921880842
100,0.01,9,10,5,1.0,0.8,0.5748896471265921,2.5219080472687203,1.871106519733181,78.45447456361326,1.4751676458606442,34.40652641932353,0.5748896471265921,0.5617915148851086,2.55978162910989,1.8994274200287475,79.16038136714515,1.4919271130797345,32.41498785613109,0.5618052229367925
100,0.01,9,10,5,1.0,1.0,0.383393436508748,3.0372635503739476,2.2503886111951625,96.53882300285122,1.8567365735264345,39.8707757547321,0.383393436508748,0.3772135072340663,3.051631709719737,2.272775406324752,96.84515270008067,1.8655191291992643,37.469769231365895,0.3772255081076713
100,0.05,3,10,5,0.8,0.8,0.6260090515228534,2.365423746074677,1.6678430182686745,62.20136620319755,1.132010393239617,33.3715979885555,0.6260090541860852,0.6149386831627747,2.3995371186256844,1.6905800861233102,62.90624336860831,1.1376571104688726,29.634857615596932,0.6149429932255629
100,0.05,3,10,5,0.8,1.0,0.46262141020057523,2.8354277556861605,2.0490052324814347,84.27313566474743,1.5613762457478146,38.51366358818122,0.462621410277943,0.4589996718416911,2.8442075889308684,2.067134851190044,84.57910710354602,1.5763179523706021,36.07520759772739,0.45900189624811805
100,0.05,3,10,5,1.0,0.8,0.6262210248761166,2.364753304887141,1.665588314604936,61.98476732625275,1.1224143976549432,33.29958869635408,0.6262210248761166,0.6153801191042982,2.3981613043918744,1.6887325657682477,62.71119941268785,1.129382084031928,29.71785075193541,0.6153840114594258
100,0.05,3,10,5,1.0,1.0,0.4487010925251601,2.87191758300762,2.0732581000970853,85.2681421851772,1.5826475978463583,38.806911879648,0.4487010925251601,0.44617643559617015,2.877718056432135,2.090045512250743,85.55229338581303,1.6090027764826667,36.08152552701032,0.44617825454462323
100,0.05,5,10,5,0.8,0.8,0.6581111364572942,2.2616264985161028,1.5849470561247727,57.772599987553285,1.0796445407021307,33.20759979120081,0.6581111442795595,0.6473144735661256,2.2964465694045315,1.608939403404366,58.52778792485337,1.0834561433563967,28.247775882137375,0.6473210299512928
100,0.05,5,10,5,0.8,1.0,0.5422361140648249,2.616972567996211,1.8732808861642505,74.82275584305862,1.3648358885463,36.78192967566003,0.5422361151055763,0.5351625480205544,2.636410803138339,1.894706219692969,75.30512356854,1.3854093949835262,34.15398414366292,0.5351646882356872
100,0.05,5,10,5,1.0,0.8,0.6583305036473364,2.2609008149516887,1.583955536421316,57.760988150078454,1.0788415780629397,33.59319038359952,0.6583305036473364,0.6471496865740363,2.296982996761685,1.6093681135622706,58.57184589493918,1.0842558076489937,28.603598158605454,0.6471544676061546
100,0.05,5,10,5,1.0,1.0,0.5387283991844707,2.626979993000631,1.8823174564302219,75.39894072514564,1.3761523417666652,36.55745924675422,0.5387283991844707,0.5333213864846155,2.641626885731473,1.9035148593462223,75.90598941146861,1.394956505169202,34.10675106394081,0.5333235144146729
100,0.05,7,10,5,0.8,0.8,0.6943206820703918,2.1385107338814873,1.4962427574775947,54.00622443796757,1.0233791255756717,31.08140364243907,0.694320687234611,0.6779196844857773,2.194545644012927,1.5342189130265456,55.307872888781915,1.0410120956341917,28.337742343200784,0.6779240685600125
100,0.05,7,10,5,0.8,1.0,0.6060154660780732,2.427828434305695,1.7221284588735128,67.01089730181201,1.2329547404427674,34.815755385993754,0.6060154688917097,0.5928768103120035,2.467319816488414,1.755902267076131,68.04186523474857,1.2574798759989663,32.072109231311245,0.5928807734749215
100,0.05,7,10,5,1.0,0.8,0.693010681379508,2.1430881706876437,1.4997585270837324,54.18049093474042,1.025431147148426,31.46417872927836,0.6930106813795079,0.6765894060261815,2.1990730063431476,1.5374163452987477,55.38266717794078,1.045477068704279,27.864415511192774,0.6765956961781042
100,0.05,7,10,5,1.0,1.0,0.6009218603650741,2.443472052842606,1.7375520740882506,67.94028732573936,1.2462834000019989,34.51161613826194,0.6009218603650741,0.5885879073065118,2.4802819515347663,1.7706945934370701,68.95159218480266,1.2707317011480241,33.128316782216714,0.588590701739256
100,0.05,9,10,5,0.8,0.8,0.7302734059616991,2.008816610628633,1.403519540877031,50.14914008560816,0.9543855361265323,28.377996112041004,0.7302734072295001,0.6977230718649607,2.126008647366262,1.4826538574120933,52.89434785656948,1.0032937068275838,27.379067282840236,0.6977295033754476
100,0.05,9,10,5,0.8,1.0,0.6581247727349306,2.261581395446576,1.5933316009810692,60.34859251335192,1.1222574426609448,32.08674041195904,0.6581247749736538,0.6339585203800023,2.3395249316396987,1.6496715098334047,62.229131614374275,1.1677811188005554,31.652300364196115,0.633964036764382
100,0.05,9,10,5,1.0,0.8,0.7288858978804962,2.0139767877130956,1.4069271582083294,50.31365265840051,0.959582846673852,29.258700193901948,0.7288858978804962,0.6968289300750896,2.12915071563286,1.4844673298116116,52.98791580972868,1.0075393372102686,27.3551970153751,0.6968354855864342
100,0.05,9,10,5,1.0,1.0,0.659053748154252,2.258506614756334,1.5917874587573264,60.26398488762313,1.1217167076514096,32.44021284513787,0.659053748154252,0.6352962806922655,2.335245924286089,1.64827419379655,62.19103264352099,1.1647422775072265,32.14672466259516,0.6353004564964488
300,0.001,3,10,5,0.8,0.8,0.23747394186573945,3.377580833031338,2.558227684017528,112.60901054398494,2.1798033450525125,40.64981872678336,0.2374739418862739,0.23455877985074758,3.3831281559496564,2.5726117434075344,112.41953091347293,2.1798033450525125,38.64981872678336,0.23458202299035014
300,0.001,3,10,5,0.8,1.0,0.07117421895681808,3.727739343533203,2.8519124134921654,126.2263144832612,2.4743064851631162,42.32833080572914,0.07117422045927813,0.07132704252783295,3.7264382261280278,2.861025931670555,125.70549604759123,2.4792372521825916,40.27132542029415,0.07135755002586519
300,0.001,3,10,5,1.0,0.8,0.23652699337852645,3.3796774188822547,2.5598751246878817,112.68642436012031,2.1865079811030723,40.65512510640253,0.23652699337852645,0.2336630700969755,3.3851070243598285,2.574223873861315,112.49660375562256,2.1865079811030723,38.65512510640253,0.23368603790293996
300,0.001,3,10,5,1.0,1.0,0.06299917379310005,3.7441082237492114,2.8668893688369215,126.75739610099887,2.48016450429693,42.373659001266475,0.06299917379309994,0.06319918147555215,3.7427098259871494,2.875996234034895,126.23195571975873,2.4784207128317925,40.309431154505155,0.06323036726919284
300,0.001,5,10,5,0.8,0.8,0.268332343402263,3.30853196872195,2.516421544317638,110.85147360610328,2.291605147775081,39.79043297016119,0.2683323434646532,0.2640369504103379,3.3173441733300724,2.5311128644415186,110.66603379873372,2.3124857552977898,37.79043297016119,0.26406099338097766
300,0.001,5,10,5,0.8,1.0,0.09985242766992686,3.6697397314288756,2.7997286893743034,123.6579045942771,2.4766697884501463,42.19102985956801,0.0998524292596723,0.09987403131913064,3.6687166630463404,2.8092606461653116,123.18903749384043,2.476684953716348,40.07283206901394,0.09990198845636333
300,0.001,5,10,5,1.0,0.8,0.26818711010406815,3.3088603180505167,2.516316347898577,110.84613092439979,2.286214204103337,39.808900804419196,0.26818711010406815,0.26395233526940376,3.3175348686899038,2.530877075513996,110.65427710242075,2.321216714988222,37.808900804419196,0.2639764576234245
300,0.001,5,10,5,1.0,1.0,0.09954013456734734,3.670376257626835,2.80051702355253,123.71740673598323,2.48476887325813,42.18254507837913,0.09954013456734723,0.09981894202184205,3.668828927294744,2.8094824140352803,123.22157783114524,2.4835719140064545,40.07360500286068,0.09984754701614973
300,0.001,7,10,5,0.8,0.8,0.28341467961456757,3.274253950956215,2.493019449258693,109.93963725568743,2.2689722674652573,39.425048020089235,0.28341467971221757,0.2792151258705453,3.282958242320769,2.507716430778734,109.73270860365707,2.286263222945266,37.43279836681858,0.27924133802099693
300,0.001,7,10,5,0.8,1.0,0.13794282180788509,3.591256647556869,2.733894383796967,120.63289615234069,2.461209593910285,41.90083660169724,0.1379428230582208,0.13724920595317402,3.591742639497788,2.7443815110501584,120.23215421989416,2.4572548386791033,39.75406511705355,0.13727487213546308
300,0.001,7,10,5,1.0,0.8,0.28316851499945617,3.2748162958940177,2.4935446035062676,109.96197129592773,2.2693426851639926,39.39261209005236,0.28316851499945617,0.27899751825642627,3.2834537735287554,2.508201810256842,109.76051483452571,2.2806647285126673,37.39596854511886,0.2790233912572322
300,0.001,7,10,5,1.0,1.0,0.13529939556763537,3.596758577064198,2.7371966109748342,120.74697229348124,2.461143514612159,41.972168803544534,0.13529939556763526,0.1347480455666985,3.59694519796678,2.747633563885442,120.34304491330855,2.4594240786094206,39.76753180117061,0.13477446446104435
300,0.001,9,10,5,0.8,0.8,0.29475831055394797,3.2482346530968416,2.4754209019067046,109.25770456029318,2.2513488159862405,39.28107178164411,0.2947583110920897,0.2891175228438354,3.260329032047251,2.491967139516805,109.1447344743946,2.2675970570907693,37.27379227114598,0.28914490473152676
300,0.001,9,10,5,0.8,1.0,0.16850881289286523,3.5270143928549786,2.6822258637336693,118.30547578680155,2.4396462237792127,41.56743088048319,0.16850881357185066,0.1664214958535697,3.5304964568862576,2.694824087967339,118.0085508049299,2.440063861785184,39.455429799594015,0.16644669544706248
300,0.001,9,10,5,1.0,0.8,0.29463559729798583,3.2485172399876556,2.4756961765873466,109.2657112503711,2.2591872059932108,39.28212602370844,0.29463559729798583,0.28910572165323667,3.2603560939075993,2.4923321777734704,109.16428973220351,2.27192566983486,37.268976591994104,0.2891326664504239
300,0.001,9,10,5,1.0,1.0,0.16319144250614404,3.5382740153813708,2.690777898295511,118.60764533798857,2.453731778716107,41.68739895523259,0.16319144250614404,0.16107247367229816,3.5418058327172166,2.703392937203593,118.31537188982055,2.452429213734205,39.52875927195447,0.16109827012014388
300,0.01,3,10,5,0.8,0.8,0.6025190280250587,2.4385775889379184,1.7352351078391215,66.56285895991083,1.16747367128893,33.452098617317674,0.6025190281293086,0.5919029098433128,2.470269155488332,1.7578962573659662,67.23026947939273,1.1746009837475802,30.977336725209227,0.591906102734068
300,0.01,3,10,5,0.8,1.0,0.3726982520241734,3.063491329495416,2.236048617818887,94.27981379882486,1.725958537254067,40.090316004819044,0.37269826217161905,0.3720009630239357,3.064375740124078,2.2493384146628492,94.30803578046645,1.7422786993388177,37.78968147888095,0.37200574413330656
300,0.01,3,10,5,1.0,0.8,0.6023119469256197,2.4392127357863136,1.7354371783040405,66.59915993676475,1.162593823359504,33.47648387194036,0.6023119469256197,0.5918748126550701,2.4703541921432373,1.7578077793627986,67.25624163423818,1.1688697252021987,30.991144600219044,0.5918779205898468
300,0.01,3,10,5,1.0,1.0,0.35216075849005657,3.1132359164326515,2.2666877564829657,95.29822400342873,1.7783374855292218,40.42709926272989,0.35216075849005657,0.3523306681795272,3.11199716805773,2.2800398992683024,95.3632371255329,1.793141069709105,38.059044478470874,0.3523353812824477
300,0.01,5,10,5,0.8,0.8,0.636951432564072,2.3305625869708058,1.6445283927444811,61.37661474913192,1.112492790641866,33.62282130913978,0.6369514326532234,0.6261652176099999,2.3642988986049995,1.66774075851116,62.07381530123828,1.1154095961331096,29.519148785656537,0.6261698267175919
300,0.01,5,10,5,0.8,1.0,0.4677308738000455,2.8219157576649057,2.0388460532934065,84.00561329163226,1.5265315507471513,38.83885907477968,0.4677308824174834,0.46412339521322343,2.830707041006984,2.0576931733887367,84.37203826242214,1.5431510979041945,36.04088787112024,0.4641260745869221
300,0.01,5,10,5,1.0,0.8,0.6364705605113492,2.3321055369473203,1.6462825783385497,61.48260664697456,1.1193500761424682,33.71013578965271,0.6364705605113492,0.6258001159855675,2.3654531500966365,1.6689751327114613,62.17284187487186,1.1234515686370774,29.51409473113266,0.625804648591789
300,0.01,5,10,5,1.0,1.0,0.4557809017344333,2.853417338411177,2.0633769755770888,85.11031385569876,1.54959053821649,38.56682972532913,0.4557809017344333,0.45306607366296536,2.8597624433483815,2.0802466690524057,85.39210407866894,1.564735211476392,36.17014370758419,0.45306939729907814
300,0.01,7,10,5,0.8,0.8,0.6680048338696054,2.2286624038264917,1.5703686654509932,58.14374468266282,1.0787368075736725,33.289258230647945,0.6680048339010733,0.6546637075996553,2.2723940194460597,1.600063220139547,59.126102712545894,1.0919334867718933,28.72636662606577,0.6546687784434473
300,0.01,7,10,5,0.8,1.0,0.5560143364288685,2.5772875751605584,1.8487603343149424,74.41674013198148,1.3448209271817844,36.780928390018595,0.556014341152967,0.5469244100034694,2.6028423173529163,1.874585090108733,75.07150143384632,1.356240930440109,34.41317853903546,0.5469276642068079
300,0.01,7,10,5,1.0,0.8,0.666772445304717,2.2327950451873675,1.5731085070389246,58.258162291463044,1.0796958677312365,33.408564686291285,0.666772445304717,0.6535080699938678,2.276193027452046,1.6031414208271828,59.230422114125936,1.0953832764697948,28.703619858231605,0.6535132692869949
300,0.01,7,10,5,1.0,1.0,0.5422517890983575,2.616927761617648,1.8794896913383234,75.99017236849642,1.3825603383477683,37.10597382032236,0.5422517890983575,0.5344535489030408,2.638420646265056,1.9039500773922726,76.60644380285467,1.3942540756212778,34.29698652342762,0.5344565455642057
300,0.01,9,10,5,0.8,0.8,0.6996047266226462,2.119946759200655,1.4909916325268908,54.889562366296765,1.0213419819445284,30.018334475795953,0.6996047285594953,0.6771410076908391,2.1971968618744087,1.5445999411955853,56.80494870879107,1.0504905435273582,28.319019253362445,0.6771476547411412
300,0.01,9,10,5,0.8,1.0,0.6080420838318495,2.421576128098688,1.7269556118512683,68.3331677359563,1.2298097023464023,35.14308428367795,0.6080420876958268,0.5906262252935861,2.4741301138877847,1.769365089493269,69.65477020704071,1.2545601297696556,33.88662572212657,0.5906308219863449
300,0.01,9,10,5,1.0,0.8,0.6986387720168287,2.123352486501814,1.4929147039998767,54.92888952272197,1.022496984362589,30.12980664445931,0.6986387720168286,0.6761487159833046,2.2005707613409697,1.5468272569094448,56.84214207911082,1.0492787962365182,28.055840277500725,0.6761567128867287
300,0.01,9,10,5,1.0,1.0,0.6041794491105066,2.4334788503951614,1.7380596067887046,68.92666419541608,1.242162423386187,35.238095848088776,0.6041794491105066,0.5873122910172625,2.484124132449943,1.780186726983456,70.26423088265268,1.2653340831176563,33.82398903239215,0.5873166793256088
300,0.05,3,10,5,0.8,0.8,0.656383278441718,2.267334266446241,1.5875997381443758,57.8572207906798,1.0947414782981624,33.215726850024296,0.6563833036326824,0.6462869828392853,2.2997892944633733,1.609339076439921,58.49172138507519,1.0931244368801694,28.487828076542712,0.6462929173636378
300,0.05,3,10,5,0.8,1.0,0.5710088666926791,2.5333929907628248,1.8285825867964545,73.84570846855368,1.3406119760949058,35.22497580270631,0.5710088777214888,0.5619935355516834,2.5591915122781357,1.8521361273219699,74.47160614952193,1.3542538541334814,32.89582149735886,0.5619963480487009
300,0.05,3,10,5,1.0,0.8,0.6558102276089203,2.269224099577868,1.5893258100942582,57.936257941045774,1.0966918191116193,33.26788979453549,0.6558102276089203,0.6457365116677876,2.3015781394921477,1.6109515091850397,58.563632855274314,1.0970943206032502,28.512984249330188,0.6457424798172964
300,0.05,3,10,5,1.0,1.0,0.5714641103099374,2.532048420870637,1.8217589540168833,72.91111226063207,1.3428800839795731,35.123928618572144,0.5714641103099374,0.5639403805063303,2.5534976490643335,1.8433283622270247,73.4037137233659,1.352908446020656,32.12533662718098,0.5639438099593863
300,0.05,5,10,5,0.8,0.8,0.6963005878074731,2.1315738432041083,1.4900708256267512,53.70888258839993,1.026216007573213,31.402793627138063,0.6963006095415281,0.6823524753202835,2.179391557964328,1.52314023391503,54.771527881623584,1.042354947794686,28.008013298027176,0.6823611850111284
300,0.05,5,10,5,0.8,1.0,0.6346236507798857,2.338022157629988,1.6522720605275207,62.84927835511176,1.1712764128680604,33.27090331103246,0.6346236666847661,0.6219519987117246,2.3775847131721095,1.6839613921521366,63.78088953249055,1.1899532445955947,31.31400105176531,0.6219543583747464
300,0.05,5,10,5,1.0,0.8,0.6929884451631814,2.143165784640924,1.497496595596846,53.927102455976375,1.0296690337601615,31.530739018049537,0.6929884451631814,0.6788092898144348,2.191512814392039,1.5311982347997655,55.045877963572956,1.0487169770444615,27.906161803809834,0.6788158101110743
300,0.05,5,10,5,1.0,1.0,0.6316140721824375,2.34763147022597,1.6625359009178302,63.73125814811701,1.1876615719542938,33.22235578744866,0.6316140721824375,0.620358679364698,2.3825897239272726,1.693254373182689,64.62543719072727,1.2096960604130564,30.941692052351808,0.6203601805676577
300,0.05,7,10,5,0.8,0.8,0.7360838130234184,1.9870620115212743,1.392395458489935,49.693444316102024,0.9574149495229128,29.901418026420288,0.7360838337575233,0.7045636012012326,2.1018151931242413,1.4649512050722395,52.04500309427495,1.007829953101467,27.779947714103493,0.7045700063708922
300,0.05,7,10,5,0.8,1.0,0.6758839979085873,2.202057440459945,1.5434038015771963,57.08899212654869,1.0757085661882562,31.176327453779344,0.6758840180022679,0.6549459871651367,2.2714650966173555,1.5940565573715864,58.81340023651569,1.109405445483998,30.4318752372957,0.6549493080714657
300,0.05,7,10,5,1.0,0.8,0.7310636633076572,2.0058716904867326,1.402021351963143,49.89790972435081,0.9612888449273523,30.748411904399546,0.7310636633076572,0.701536750039119,2.1125546784963265,1.4710725594186433,52.20301742023462,1.0011189652738863,27.734586443429773,0.7015421472214016
300,0.05,7,10,5,1.0,1.0,0.6773130349065666,2.1971976097068775,1.5402282856942882,56.84455867564843,1.0761325606854186,32.02645267715259,0.6773130349065666,0.656749722340026,2.265520389841172,1.589257776229689,58.49976567518414,1.106505504430042,30.737299516585416,0.6567532569598895
300,0.05,9,10,5,0.8,0.8,0.7868560234872843,1.7857264796445926,1.2591544991745973,44.79098533136503,0.8693412145897744,24.5807245974165,0.7868560399184559,0.7132222320940386,2.0707862217458857,1.4409023595726864,50.770269997500684,0.9736456200351424,28.069564644072702,0.7132285759404159
300,0.05,9,10,5,0.8,1.0,0.7201742371081338,2.0460783257160675,1.4276756308576801,51.491268078351204,0.9813737479364453,30.843218595255454,0.720174251438312,0.6811445301930577,2.183531504236652,1.5238313386353701,54.99073679055796,1.0526835127697285,30.806472938186108,0.6811505544238019
300,0.05,9,10,5,1.0,0.8,0.7753818038745757,1.8331621188210871,1.2832726214156762,45.28943186145645,0.876889319270973,26.90698402071791,0.7753818038745757,0.7115058492561624,2.076973869577371,1.442463799081703,50.72839668856245,0.9756255178199364,27.355563956624223,0.711511350647329
300,0.05,9,10,5,1.0,1.0,0.7218865337264512,2.039808586602211,1.4229734101454095,51.222327064325846,0.978145856898483,31.478657566656654,0.7218865337264512,0.6822854841273425,2.179621360390047,1.5205097092022222,54.78517444875306,1.0429684694260422,30.977634365589367,0.6822890992968806
500,0.001,3,10,5,0.8,0.8,0.33777081767674566,3.147621941620844,2.367295318424738,103.09140540180697,2.1517458543223347,39.50559262210395,0.3377708176821532,0.3333238804209814,3.1573299993532697,2.384816366254813,103.13019507826688,2.1531248194759884,37.50559262210395,0.33333940771101567
500,0.001,3,10,5,0.8,1.0,0.10723534073206653,3.6546593415831192,2.783857661212104,122.95432622749507,2.4705760501082574,42.140842989347604,0.107235341993,0.10750706258713183,3.6531282620792163,2.793039912628807,122.48514605825721,2.4705442647976366,40.05280257732254,0.10753335546569587
500,0.001,3,10,5,1.0,0.8,0.3374784042073816,3.1483167958311453,2.3686029050542308,103.15511602212935,2.1499760848027254,39.46896147998197,0.3374784042073815,0.33299700537375976,3.1581039328181557,2.3861476676566196,103.1926040197003,2.1513592525572687,37.46896147998197,0.3330124222417521
500,0.001,3,10,5,1.0,1.0,0.09900140739048635,3.6714740499072755,2.7989727948766636,123.46612936290704,2.48602229126065,42.2067918591955,0.09900140739048624,0.09926923327314496,3.6699489683907682,2.8083703667404345,122.99824672495279,2.4853745868416324,40.11075076922268,0.09929630163918035
500,0.001,5,10,5,0.8,0.8,0.37770697597338243,3.051236513976319,2.3045206156244844,100.30665536778167,2.1002650964949963,38.36534311528571,0.37770697629231886,0.3716029848428748,3.065346570855671,2.3220791256431528,100.33919450919603,2.102906385720044,36.36534311528571,0.3716209172622953
500,0.001,5,10,5,0.8,1.0,0.1508739448509867,3.5642198969512315,2.702861305755535,118.91305773410654,2.4575029182487653,41.92679780773136,0.1508739464915505,0.150895743463893,3.5632232675155486,2.7128971938254653,118.52766007073103,2.4573025457308275,39.71259820822806,0.15091861176246335
500,0.001,5,10,5,1.0,0.8,0.3775634074875127,3.051588467257319,2.3044415747064697,100.30382788622698,2.09930238245492,38.383022408242304,0.3775634074875127,0.3715080664395286,3.065578070058275,2.321859401919149,100.32989723071326,2.0998779676971377,36.383022408242304,0.37152624964626724
500,0.001,5,10,5,1.0,1.0,0.15439422406461634,3.556824010054604,2.696661923381983,118.64837963119052,2.4509420039649044,41.885499780569646,0.15439422406461623,0.15456296168984907,3.555520293035852,2.7063063634221742,118.24917408329488,2.4539338267453945,39.66367066973777,0.15458602377302766
500,0.001,7,10,5,0.8,0.8,0.39864601555067614,2.999462958780399,2.2687929149783166,98.93299699093161,2.0791135017122735,37.72649512202918,0.39864601586643333,0.3925261592734782,3.0138825018836095,2.2863024636834712,98.93999068359922,2.0815108515725367,35.735863675884914,0.39254662647800576
500,0.001,7,10,5,0.8,1.0,0.20513609608194538,3.4484568361066814,2.6064998752992254,114.3598730288789,2.385904485946508,41.474295827320574,0.20513609736446425,0.20400776811924115,3.4499828909305794,2.6183903203418986,114.09100738301395,2.3881149427587682,39.248619147786336,0.20402782315435386
500,0.001,7,10,5,1.0,0.8,0.3983858968280637,3.000111605118602,2.2692107827604,98.95336432547062,2.0786369329084025,37.686011095492006,0.3983858968280637,0.3922342618793868,3.0146065156050703,2.2867993430133127,98.96688568159226,2.0812577562486014,35.70134129826206,0.3922545762874008
500,0.001,7,10,5,1.0,1.0,0.20507622313175322,3.4485867107905444,2.6051204677874327,114.29924029738652,2.380432168740136,41.50755151003979,0.20507622313175333,0.20410694661855822,3.4497679549230815,2.6168842975455493,114.01497781760384,2.382010162895277,39.2129860927436,0.2041280109854683
500,0.001,9,10,5,0.8,0.8,0.415029212493522,2.958322359332247,2.2410751162721496,97.87416781532237,2.0687734082010083,37.52954357103549,0.41502921373171076,0.4066742607338554,2.978578985328889,2.261785855506136,98.03676559105018,2.073882363490376,35.52150429312684,0.40669628214185705
500,0.001,9,10,5,0.8,1.0,0.24961349398561705,3.3505871183362483,2.5294944638843915,110.84691232380817,2.3069674197021013,40.863002820828754,0.24961349500173213,0.2462727271988444,3.357141460796828,2.544851805306233,110.73164700584215,2.311476919561456,38.79053075103654,0.24629268704151908
500,0.001,9,10,5,1.0,0.8,0.41451279337444913,2.9596278922175263,2.2419983501420413,97.89845179120839,2.068704260800684,37.52309606831653,0.41451279337444913,0.40622564807679695,2.9797048219982587,2.2629672317535627,98.07654517867329,2.0730242452905783,35.511510025602924,0.40624740844416773
500,0.001,9,10,5,1.0,1.0,0.246554923875977,3.357408659006488,2.533538366130214,110.94610278341423,2.3113632438043004,41.11717255855158,0.24655492387597688,0.24308635892595454,3.364230104010755,2.5492203079457934,110.8526778375126,2.3165821820195447,38.89288797289547,0.2431064192923148
500,0.01,3,10,5,0.8,0.8,0.6257965643125329,2.366095621854968,1.6680897801593808,62.14684475571989,1.1325140194650518,33.319308872861285,0.6257965644752069,0.6147851705540333,2.4000153833598596,1.6911322021944568,62.8706695666267,1.1353675305221511,29.65379678007001,0.6147888396335781
500,0.01,3,10,5,0.8,1.0,0.44575429236586017,2.879582833335525,2.083344660941767,86.00333439178407,1.5821082153845727,38.67102577858985,0.44575429296953184,0.4434209413141893,2.8848680744743787,2.0987356557215575,86.16760158389224,1.6012840727043072,36.45011315138474,0.44342394926892603
500,0.01,3,10,5,1.0,0.8,0.6250840347462808,2.368347219706452,1.6694308821834924,62.22734637914389,1.1306750573107003,33.38148311075358,0.6250840347462808,0.6139899515358052,2.4024913445286877,1.692670550388272,62.94809137353739,1.1346636676412842,29.819333237641317,0.6139939721976834
500,0.01,3,10,5,1.0,1.0,0.4285291316397838,2.923987117460474,2.113963239061828,87.2225060218565,1.6165663052729855,39.18854810775545,0.4285291316397837,0.4269458602628422,2.927253633265239,2.1289863446242565,87.3888554062429,1.638505933803081,36.91018640782584,0.4269488620696056
500,0.01,5,10,5,0.8,0.8,0.6585470825154411,2.2601841267973684,1.5832005851513011,57.689750259736826,1.0790779562571753,33.26378607048515,0.6585470840569967,0.6474229343363277,2.2960934311308105,1.6082508158837647,58.48660727935982,1.0824405093071352,28.514917999331203,0.647427736923794
500,0.01,5,10,5,0.8,1.0,0.5362365103394506,2.6340661923358044,1.8847818491113761,75.63644466698779,1.3766917944473152,37.08653474908937,0.536236512531706,0.5296596550146787,2.651970222410253,1.9072292320379638,76.17983235629976,1.3891395713917114,34.39588097774937,0.5296619216926084
500,0.01,5,10,5,1.0,0.8,0.6573994052735637,2.263979358480132,1.5865043526536302,57.85154097970686,1.08337072342674,33.4447775077102,0.6573994052735637,0.6461409957421258,2.300263838672658,1.6116262021745678,58.66174247745373,1.0838500500420234,28.507475113183347,0.6461459676566932
500,0.01,5,10,5,1.0,1.0,0.5324748627163405,2.6447272490799887,1.8930335628060142,75.94909116211532,1.3993417615261459,36.76537895469515,0.5324748627163405,0.5266177622347024,2.6605321159032607,1.9136202657667094,76.4214577878121,1.4104258264551306,34.475752373506594,0.5266207310157796
500,0.01,7,10,5,0.8,0.8,0.6940873058131465,2.1393269199641383,1.4963256005510543,54.02732769094848,1.020271039102478,31.44300295115677,0.6940873085260981,0.6777302608330431,2.195190883304419,1.5346388857973339,55.305700697060445,1.04122393540696,28.27901710184956,0.6777351969441638
500,0.01,7,10,5,0.8,1.0,0.6114957415095255,2.410883909463799,1.7073853571018467,66.21539616482485,1.2127558754844125,34.7987297154051,0.6114957457812478,0.5984069927546198,2.4505050261782033,1.7400351571116117,67.16364403672061,1.2370483663768965,32.76424518367109,0.5984100578204108
500,0.01,7,10,5,1.0,0.8,0.6933446149632033,2.141922260685547,1.4988955985429733,54.12893271228245,1.0223343881428357,31.522446033233628,0.6933446149632033,0.677171967268827,2.197091512604225,1.5366159964507087,55.3711633391834,1.0443388566155312,28.005762282630386,0.6771770318766428
500,0.01,7,10,5,1.0,1.0,0.6067403659719797,2.4255939013455294,1.720663663278769,67.05290394951858,1.2296124655120302,35.02783364340398,0.6067403659719797,0.5949006021483927,2.4611797061702694,1.7521793473760534,67.99651323928317,1.2430554971241499,32.47564166174063,0.5949032417891507
500,0.01,9,10,5,0.8,0.8,0.7306277330236729,2.007496733363307,1.4029620790299004,50.177646017528275,0.9563501435531627,28.82750927693499,0.730627736583723,0.698072469719345,2.1247795796314635,1.48140146547141,52.90221535174285,1.009216679626912,27.89278353429092,0.6980785593421064
500,0.01,9,10,5,0.8,1.0,0.6581489680919317,2.261501365170786,1.5923401674994178,60.385136997487024,1.1224957278631515,32.90244178103447,0.6581489707721307,0.6344693319569373,2.337891956002773,1.64836858053904,62.273212479152704,1.1636847870804077,32.47428382847376,0.6344733402678617
500,0.01,9,10,5,1.0,0.8,0.7300094520545644,2.009799282242253,1.404314242563766,50.200089619767994,0.9559043402895044,29.073439179255214,0.7300094520545644,0.6973584562503446,2.127290489045517,1.483342529700314,52.91700724914844,1.005249263802706,26.796954788557613,0.6973661064075463
500,0.01,9,10,5,1.0,1.0,0.6578144991763527,2.262607427332548,1.5947352140719755,60.54798488669112,1.1247779604168004,32.822888758134965,0.6578144991763526,0.6345492785669,2.3376362773777473,1.6511998778566142,62.48666380480691,1.166667468414474,32.366547714936445,0.6345531540585065
500,0.05,3,10,5,0.8,0.8,0.6684255113185622,2.227249965792912,1.5630404009183645,57.06837477297935,1.0883962597445236,33.02808144144819,0.6684255146124634,0.6583101616343857,2.2603649183806964,1.5855421515176988,57.71161211036521,1.091523069090093,28.386149810134707,0.6583161158908406
500,0.05,3,10,5,0.8,1.0,0.5972483469249781,2.4546923688106146,1.7647955165130822,70.48550549574809,1.2938750294250037,34.166886452058506,0.5972483494942953,0.5868116644128056,2.4856304066570765,1.7915273474763642,71.26458947577247,1.3068887931353113,31.729480440157396,0.5868134015382258
500,0.05,3,10,5,1.0,0.8,0.6664399784009647,2.233908616646648,1.5665336152534073,57.15085862062281,1.088841336647089,33.16013446777838,0.6664399784009647,0.6561568992572888,2.267475921237452,1.5896451024484801,57.81886202624468,1.0927897696395548,28.362649608701936,0.6561638265067058
500,0.05,3,10,5,1.0,1.0,0.6031472714887697,2.4366496648592824,1.75148243336198,69.61126810769535,1.2799127465465223,33.93926954324947,0.6031472714887697,0.593514537044759,2.4653866270878018,1.7766353768022651,70.27536337538494,1.2939168878800316,31.308686850941342,0.5935172653166935
500,0.05,5,10,5,0.8,0.8,0.7101276889947505,2.0824844784066414,1.4584606169925722,52.53836749275863,1.0090410545905573,31.184750138232296,0.7101276929567711,0.6928670539408339,2.1430175585561324,1.49801589470128,53.793265104137475,1.0345635246834572,28.051729185064186,0.6928731034267273
500,0.05,5,10,5,0.8,1.0,0.6558518235961254,2.2690869754153034,1.5965954141215126,59.76033621399927,1.1188515209584549,32.22527072712103,0.6558518274947454,0.6410569690268803,2.3167292903600543,1.6324137907206366,60.844977343825455,1.1400507901748318,30.69552407646166,0.6410582899244036
500,0.05,5,10,5,1.0,0.8,0.7059311257792894,2.0975046684868737,1.466195034029136,52.69375765961599,1.0115394204557993,31.205872335887424,0.7059311257792893,0.6893701039646891,2.1551829978784127,1.5060831848796776,54.03374314663137,1.0361232635828521,27.080390897750306,0.6893767117017756
500,0.05,5,10,5,1.0,1.0,0.6552863638326015,2.2709503454086946,1.601552545130439,60.310172430065165,1.1316966557988009,32.08936112938269,0.6552863638326015,0.6411876810589026,2.316307424017669,1.636333826475421,61.40567881307807,1.1572550673781485,30.148119913463148,0.6411884973243869
500,0.05,7,10,5,0.8,0.8,0.7560845560341036,1.9102845197240967,1.3442765458482613,48.04952780414348,0.9296458948381299,28.030949331055304,0.7560845632206468,0.7099213787247385,2.0826696482690124,1.451171988450971,51.436673606746794,0.9953741844177002,27.877203822580064,0.709926707446962
500,0.05,7,10,5,0.8,1.0,0.6968822862051985,2.129531482660977,1.4892199000424804,54.21739224218237,1.0282918216506856,31.129371576351176,0.6968822945690523,0.6717176283468314,2.2155742435474544,1.550985154860428,56.38797291580521,1.06886401054952,30.468428414947738,0.6717207643504406
500,0.05,7,10,5,1.0,0.8,0.7462483129911913,1.9484213321501214,1.363045384865564,48.34823131651736,0.9316493037245837,30.050998677562383,0.7462483129911914,0.7068428537285008,2.0936918828747597,1.4578436214679482,51.56048679856845,0.9933135217286191,27.197726088920184,0.70684788739225
500,0.05,7,10,5,1.0,1.0,0.6979497031993747,2.125778645597803,1.4876686212176922,54.18308925975918,1.0309485285847535,31.887433142594144,0.6979497031993747,0.6731807113646083,2.2106315644041032,1.547257054825065,56.271102536354874,1.073438007983001,30.20950389080464,0.6731853371129816
500,0.05,9,10,5,0.8,0.8,0.8158871071755942,1.6596652755940486,1.1790878933540805,42.19617464109377,0.8194034775143915,21.435335489461963,0.8158871233207764,0.7109792800355034,2.0788684867002716,1.4462993158245199,50.90494148091569,0.978397185350879,28.4578390253973,0.7109851972913528
500,0.05,9,10,5,0.8,1.0,0.7440356790227868,1.9568977014647937,1.366148579423432,48.85946515474292,0.9388284662811494,30.28356166849789,0.7440356920086735,0.6942702855780867,2.1381164355765083,1.4919578680209213,53.45806247270358,1.0227918869929584,31.1285463402544,0.6942790385705575
500,0.05,9,10,5,1.0,0.8,0.8019238222006244,1.7214504642931945,1.2096678058498809,42.69435409872875,0.8296834863429372,23.893164587653647,0.8019238222006244,0.712116603728879,2.0747741834359688,1.4408256861195086,50.606958133612466,0.9774063171992586,28.42051551344579,0.7121216352534216
500,0.05,9,10,5,1.0,1.0,0.7442115277926746,1.9562253867154136,1.3637544254074958,48.62238388848891,0.9367831081541204,30.3159869078432,0.7442115277926746,0.6943162630581041,2.13795565810336,1.490477281367369,53.327170239369956,1.0210019995982698,31.151701398885223,0.6943212780271664
